{
  "HELLO_WORD": "Hello World",
  "LABLE_USERS": "Users",
  "SIGN_UP": "Register with us",
  "OMNIMETIC": "OMNIMEITC",
  "LABEL_LOADING_USERS": "Loading Users...",
  "USERNAME_INVALID": "Please enter a valid username",
  "PASSWORD_INVALID": "Please enter a valid password",
  "FIRST_NAME": "First Name",
  "LAST_NAME": "Last Name",
  "EMAIL_NAME": "Email",
  "ORGANISATION_NAME": "Company",
  "PASSWORD_NAME": "Password",
  "CONFIRM_PASS": "Confirm password",
  "SUBMIT_BUTTON_STRING": "I agree to Omnimetic ",
  "FIRST_NAME_LABEL": "First Name",
  "LAST_NAME_LABEL": "Last Name",
  "EMAIL": "Email",
  "PASSWORD": "Password",
  "CPASSWORD": "Confirm password",
  "WORK": "Company",
  "EMPTY_FIRST_NAME": "First name should not be empty",
  "EMPTY_PASS_NAME": "Password should not be empty",
  "EMPTY_EMAIL_NAME": "Email should not be empty",
  "EMPTY_CPASS_NAME": "confirm password should not be empty",
  "ABV_2_CHARS": "First name must be above 2 characters",
  "ORGNI_5_CHARS": "organistion name must be above 5 characters",
  "VALID_EMAIL": "Must be valid email address",
  "PASSWORD_MUST_BE_6_CHARACTERS": "Must be 6 characters or more",
  "PASS_MST_NT_BE_CMN": "must not be 12345678 !!!",
  "PASS_MATCH": "second password doesn't match",
  "ALREADY_HAVE_ACCOUNT": "Already have an account?",
  "CHECK_1": " This is example benefit one which include bank account info and transaction data",
  "CHECK_2": " This is example benefit one which include bank account info",
  "CHECK_3": "This is example benefit one which include bank bla bla account info",
  "CREATE_ACCOUNT_BUTTON": "Create Account",
  "CREATE_A_ACCOUNT_INFO": "By creating a free account, you can:",
  "LOGIN": "Login",
  "REGISTER_WITH_US": "Register with us",
  "FOOTER_PARAGRAPH": "Have a question? Consult our documentation or contact us directly—we're here to help",
  "CONTACT_SUPPORT": "Contact Support",
  "TERMS_OF_USE": "Terms of Use",
  "AND": "and",
  "PRIVACY": "Privacy Policy",
  "CONTINUE_DASHBOARD": "Continue to dashboard",
  "ACCOUNT_VERIFIED": "Your account has been successfully verified",
  "VERIFICATION_EMAIL_SENT": "A verification email has been sent to ",
  "CHECK_INBOX": " Please check your inbox to verify the account before you login.",
  "EMAIL_VERIFICATION": "Didn't receive an email?",
  "CLICK_RESEND": "Click here to resend it",
  "LOGOUT": "Logout",
  "VERIFY_YOUR_EMAIL": "Verify your email",
  "SIGN_IN": "Sign in",
  "WELCOME_BACK": "Welcome Back",
  "NEW_USER": "New user?",
  "REGITER_WITH_US": "Register with us",
  "FORGOT_PASSWORD": "Forgot Password?",
  "RESET_PASSWORD": "Reset Password",
  "FOLLOW_INSTRUCTION": "A password reset link has been sent to example@mail.com. Please check your inbox and follow the instructions.",
  "RESEND_LINK": "Resend Link",
  "BACK_TO_LOGIN": "Back to Login",
  "FORGOT_PASSWORD_QUES": "Forgot password?",
  "ENTER_EMAIL_TO_SEND": "Enter your email address and we'll send you a link to reset your password",
  "SEND_LINK": "Send Link",
  "EMAIL_IS_ALREADY_IN_USE": "  This email is already in use.",
  "ORGANISATION_INCORRECT": "Organization name should not be blank spaces",
  "LASTNAME_INCORRECT": "Last name should not be blank spaces",
  "FIRSTNAME_INCORRECT": "First name should not be blank spaces"
}
